{"cameraMode":{"drawMode":0,"name":"Shaded","section":"Shading Mode"},"sceneLighting":false,"audioPlay":false,"sceneViewState":{"m_AlwaysRefresh":false,"showFog":true,"showSkybox":false,"showFlares":true,"showImageEffects":true,"showParticleSystems":true,"showVisualEffectGraphs":true,"m_FxEnabled":true},"in2DMode":false,"pivot":{"x":-0.10193580389022827,"y":0.84575355052948,"z":0.18311858177185059},"rotation":{"x":0.027990657836198808,"y":0.9161015152931213,"z":-0.3946967124938965,"w":0.06497034430503845},"size":3.440822124481201,"orthographic":false}