{"cameraMode":{"drawMode":0,"name":"Shaded","section":"Shading Mode"},"sceneLighting":false,"audioPlay":false,"sceneViewState":{"m_AlwaysRefresh":false,"showFog":true,"showSkybox":false,"showFlares":true,"showImageEffects":true,"showParticleSystems":true,"showVisualEffectGraphs":true,"m_FxEnabled":true},"in2DMode":false,"pivot":{"x":-12.792303085327149,"y":1.8799891471862794,"z":11.68629264831543},"rotation":{"x":0.005523894913494587,"y":0.9699457883834839,"z":-0.24231252074241639,"w":0.022120309993624688},"size":0.8660253882408142,"orthographic":false}