{"cameraMode":{"drawMode":0,"name":"Shaded","section":"Shading Mode"},"sceneLighting":true,"audioPlay":false,"sceneViewState":{"showFog":false,"showMaterialUpdate":false,"showSkybox":false,"showFlares":false,"showImageEffects":true,"showParticleSystems":true},"in2DMode":false,"pivot":{"x":-4.747088432312012,"y":-0.7047119140625,"z":7.630556106567383},"rotation":{"x":-0.19847364723682404,"y":0.23325468599796296,"z":-0.04869554191827774,"w":-0.9507013559341431},"size":16.958812713623048,"orthographic":false}