{"cameraMode":{"drawMode":0,"name":"Shaded","section":"Shading Mode"},"sceneLighting":false,"audioPlay":false,"sceneViewState":{"showFog":false,"showMaterialUpdate":false,"showSkybox":false,"showFlares":false,"showImageEffects":true,"showParticleSystems":true},"in2DMode":false,"pivot":{"x":3.918527364730835,"y":15.35238265991211,"z":0.2653827965259552},"rotation":{"x":-0.1921122968196869,"y":0.06970788538455963,"z":-0.013681044802069664,"w":-0.9788010120391846},"size":1.7265042066574097,"orthographic":false}