{"cameraMode":{"drawMode":0,"name":"Shaded","section":"Shading Mode"},"sceneLighting":false,"audioPlay":false,"sceneViewState":{"showFog":false,"showMaterialUpdate":false,"showSkybox":false,"showFlares":false,"showImageEffects":true,"showParticleSystems":true},"in2DMode":false,"pivot":{"x":5.137241363525391,"y":14.036710739135743,"z":0.32325243949890139},"rotation":{"x":-0.10487329214811325,"y":0.17859448492527009,"z":-0.019148148596286775,"w":-0.9781332612037659},"size":1.7265042066574097,"orthographic":false}