{"cameraMode":{"drawMode":0,"name":"Shaded","section":"Shading Mode"},"sceneLighting":true,"audioPlay":false,"sceneViewState":{"m_AlwaysRefresh":false,"showFog":false,"showSkybox":false,"showFlares":false,"showImageEffects":false,"showParticleSystems":false,"showVisualEffectGraphs":true,"m_FxEnabled":true},"in2DMode":false,"pivot":{"x":-21.141714096069337,"y":22.079771041870118,"z":12.354305267333985},"rotation":{"x":0.05355411767959595,"y":-0.9141842126846314,"z":0.3805985152721405,"w":0.12863817811012269},"size":0.23373085260391236,"orthographic":false}