{"cameraMode":{"drawMode":0,"name":"Shaded","section":"Shading Mode"},"sceneLighting":true,"audioPlay":false,"sceneViewState":{"m_AlwaysRefresh":false,"showFog":true,"showSkybox":true,"showFlares":true,"showImageEffects":true,"showParticleSystems":true,"showVisualEffectGraphs":true,"m_FxEnabled":true},"in2DMode":false,"pivot":{"x":-31.511003494262697,"y":15.235170364379883,"z":8.870535850524903},"rotation":{"x":-0.16145285964012147,"y":0.8083785176277161,"z":-0.5032364130020142,"w":-0.25941741466522219},"size":0.13067370653152467,"orthographic":false}