{"cameraMode":{"drawMode":0,"name":"Shaded","section":"Shading Mode"},"sceneLighting":true,"audioPlay":false,"sceneViewState":{"m_AlwaysRefresh":false,"showFog":true,"showSkybox":true,"showFlares":true,"showImageEffects":true,"showParticleSystems":true,"showVisualEffectGraphs":true,"m_FxEnabled":true},"in2DMode":false,"pivot":{"x":-5.036887168884277,"y":15.185600280761719,"z":7.793112754821777},"rotation":{"x":-0.040421221405267718,"y":-0.7740358710289002,"z":-0.04981261491775513,"w":0.6299264430999756},"size":0.9670855402946472,"orthographic":false}