{"cameraMode":{"drawMode":0,"name":"Shaded","section":"Shading Mode"},"sceneLighting":true,"audioPlay":false,"sceneViewState":{"m_AlwaysRefresh":false,"showFog":true,"showSkybox":false,"showFlares":true,"showImageEffects":true,"showParticleSystems":true,"showVisualEffectGraphs":true,"m_FxEnabled":true},"in2DMode":false,"pivot":{"x":113.76000213623047,"y":-0.6399999856948853,"z":77.16999816894531},"rotation":{"x":0.002030964707955718,"y":0.9494505524635315,"z":-0.31443148851394656,"w":0.00596608268097043},"size":8.985614776611329,"orthographic":false}