{"cameraMode":{"drawMode":0,"name":"Shaded","section":"Shading Mode"},"sceneLighting":true,"audioPlay":false,"sceneViewState":{"showFog":false,"showMaterialUpdate":false,"showSkybox":false,"showFlares":false,"showImageEffects":true,"showParticleSystems":true},"in2DMode":false,"pivot":{"x":1.7878758907318116,"y":0.30148810148239138,"z":0.25168460607528689},"rotation":{"x":0.11057458072900772,"y":0.7305303812026978,"z":-0.1218724250793457,"w":0.6627644896507263},"size":1.7015609741210938,"orthographic":false}