{"cameraMode":{"drawMode":0,"name":"Shaded","section":"Shading Mode"},"sceneLighting":true,"audioPlay":false,"sceneViewState":{"showFog":false,"showMaterialUpdate":false,"showSkybox":false,"showFlares":false,"showImageEffects":true,"showParticleSystems":true},"in2DMode":false,"pivot":{"x":1.9357619285583497,"y":2.368603467941284,"z":1.542752742767334},"rotation":{"x":0.19460131227970124,"y":0.2527574300765991,"z":-0.05198148638010025,"w":0.9463433027267456},"size":10.0,"orthographic":false}