{"cameraMode":{"drawMode":0,"name":"Shaded","section":"Shading Mode"},"sceneLighting":true,"audioPlay":false,"sceneViewState":{"showFog":false,"showMaterialUpdate":false,"showSkybox":false,"showFlares":false,"showImageEffects":false,"showParticleSystems":false},"in2DMode":false,"pivot":{"x":-2.0679550170898439,"y":19.051307678222658,"z":5.747337818145752},"rotation":{"x":0.19642750918865205,"y":-0.7940263748168945,"z":0.3319723308086395,"w":0.4698280394077301},"size":2.748598337173462,"orthographic":false}