{"cameraMode":{"drawMode":0,"name":"Shaded","section":"Shading Mode"},"sceneLighting":true,"audioPlay":false,"sceneViewState":{"showFog":false,"showMaterialUpdate":false,"showSkybox":false,"showFlares":false,"showImageEffects":false,"showParticleSystems":false},"in2DMode":false,"pivot":{"x":61.15504837036133,"y":15.126791954040528,"z":79.2784194946289},"rotation":{"x":0.19219352304935456,"y":-0.15530389547348023,"z":0.030832018703222276,"w":0.9685186147689819},"size":22.379627227783204,"orthographic":false}