{"cameraMode":{"drawMode":0,"name":"Shaded","section":"Shading Mode"},"sceneLighting":true,"audioPlay":false,"sceneViewState":{"showFog":false,"showMaterialUpdate":false,"showSkybox":false,"showFlares":false,"showImageEffects":true,"showParticleSystems":true},"in2DMode":false,"pivot":{"x":-68.71090698242188,"y":-17.269062042236329,"z":172.56707763671876},"rotation":{"x":-0.3206864595413208,"y":0.06756023317575455,"z":-0.022953487932682039,"w":-0.9445250034332275},"size":263.288330078125,"orthographic":false}