{"cameraMode":{"drawMode":0,"name":"Shaded","section":"Shading Mode"},"sceneLighting":true,"audioPlay":false,"sceneViewState":{"showFog":false,"showMaterialUpdate":false,"showSkybox":false,"showFlares":false,"showImageEffects":false,"showParticleSystems":false},"in2DMode":false,"pivot":{"x":101.67481994628906,"y":20.367721557617189,"z":12.561720848083496},"rotation":{"x":0.03864549100399017,"y":0.9118132591247559,"z":-0.08870759606361389,"w":0.3994116485118866},"size":35.57181167602539,"orthographic":false}