{"cameraMode":{"drawMode":0,"name":"Shaded","section":"Shading Mode"},"sceneLighting":true,"audioPlay":false,"sceneViewState":{"showFog":false,"showMaterialUpdate":false,"showSkybox":false,"showFlares":false,"showImageEffects":false,"showParticleSystems":false},"in2DMode":false,"pivot":{"x":-4.521935939788818,"y":0.84575355052948,"z":2.473118305206299},"rotation":{"x":0.010589679703116417,"y":-0.8985896110534668,"z":0.43839651346206667,"w":0.021811265498399736},"size":17.86901092529297,"orthographic":false}