{"cameraMode":{"drawMode":0,"name":"Shaded","section":"Shading Mode"},"sceneLighting":false,"audioPlay":false,"sceneViewState":{"showFog":false,"showMaterialUpdate":false,"showSkybox":false,"showFlares":false,"showImageEffects":false,"showParticleSystems":false},"in2DMode":false,"pivot":{"x":-12.619999885559082,"y":1.4813082218170167,"z":0.6504150629043579},"rotation":{"x":0.03864549100399017,"y":0.9118132591247559,"z":-0.08870759606361389,"w":0.3994116485118866},"size":2.6569557189941408,"orthographic":false}