{"cameraMode":{"drawMode":0,"name":"Shaded","section":"Shading Mode"},"sceneLighting":true,"audioPlay":false,"sceneViewState":{"showFog":false,"showMaterialUpdate":false,"showSkybox":false,"showFlares":false,"showImageEffects":true,"showParticleSystems":true},"in2DMode":false,"pivot":{"x":68.5324935913086,"y":24.13735008239746,"z":54.91160202026367},"rotation":{"x":0.016595685854554178,"y":0.9053195714950562,"z":-0.03562474623322487,"w":0.4230201840400696},"size":2.1392834186553957,"orthographic":false}