{"cameraMode":{"drawMode":0,"name":"Shaded","section":"Shading Mode"},"sceneLighting":true,"audioPlay":false,"sceneViewState":{"showFog":false,"showMaterialUpdate":false,"showSkybox":false,"showFlares":false,"showImageEffects":false,"showParticleSystems":false},"in2DMode":false,"pivot":{"x":-32.680259704589847,"y":-141.1976776123047,"z":1.1960407495498658},"rotation":{"x":-0.2696337401866913,"y":0.7234736084938049,"z":-0.3872472047805786,"w":-0.5039615631103516},"size":133.73617553710938,"orthographic":false}