{"cameraMode":{"drawMode":0,"name":"Shaded","section":"Shading Mode"},"sceneLighting":false,"audioPlay":false,"sceneViewState":{"showFog":false,"showMaterialUpdate":false,"showSkybox":false,"showFlares":false,"showImageEffects":false,"showParticleSystems":false},"in2DMode":false,"pivot":{"x":359.4803466796875,"y":465.5693054199219,"z":-78.86051177978516},"rotation":{"x":-0.02399500086903572,"y":0.014995120465755463,"z":0.00035995207144878805,"w":0.9995997548103333},"size":545.2997436523438,"orthographic":true}