{"cameraMode":{"drawMode":0,"name":"Shaded","section":"Shading Mode"},"sceneLighting":false,"audioPlay":false,"sceneViewState":{"showFog":false,"showMaterialUpdate":false,"showSkybox":false,"showFlares":false,"showImageEffects":false,"showParticleSystems":false},"in2DMode":false,"pivot":{"x":-13.031935691833496,"y":0.84575355052948,"z":10.913117408752442},"rotation":{"x":-0.3419123589992523,"y":-0.4765089750289917,"z":0.20837591588497163,"w":-0.782876193523407},"size":4.178832054138184,"orthographic":false}