{"cameraMode":{"drawMode":0,"name":"Shaded","section":"Shading Mode"},"sceneLighting":false,"audioPlay":false,"sceneViewState":{"showFog":false,"showMaterialUpdate":false,"showSkybox":false,"showFlares":false,"showImageEffects":true,"showParticleSystems":true},"in2DMode":false,"pivot":{"x":-84.21835327148438,"y":-46.70513916015625,"z":113.60084533691406},"rotation":{"x":-0.3342342972755432,"y":0.5330250263214111,"z":-0.2411770075559616,"w":-0.7389741539955139},"size":139.5398712158203,"orthographic":false}