{"cameraMode":{"drawMode":0,"name":"Shaded","section":"Shading Mode"},"sceneLighting":true,"audioPlay":false,"sceneViewState":{"showFog":false,"showMaterialUpdate":false,"showSkybox":false,"showFlares":false,"showImageEffects":false,"showParticleSystems":false},"in2DMode":false,"pivot":{"x":-71.6087875366211,"y":-40.431434631347659,"z":-27.87421417236328},"rotation":{"x":0.14319078624248506,"y":-0.8561128377914429,"z":0.37541475892066958,"w":0.3255665600299835},"size":63.871761322021487,"orthographic":false}