{"cameraMode":{"drawMode":0,"name":"Shaded","section":"Shading Mode"},"sceneLighting":true,"audioPlay":false,"sceneViewState":{"showFog":false,"showMaterialUpdate":false,"showSkybox":false,"showFlares":false,"showImageEffects":false,"showParticleSystems":false},"in2DMode":false,"pivot":{"x":-13.3589448928833,"y":2.3221089839935304,"z":-0.696372926235199},"rotation":{"x":0.19565817713737489,"y":-0.7253135442733765,"z":0.22837382555007935,"w":0.6195541024208069},"size":2.6569557189941408,"orthographic":false}