{"cameraMode":{"drawMode":0,"name":"Shaded","section":"Shading Mode"},"sceneLighting":true,"audioPlay":false,"sceneViewState":{"showFog":false,"showMaterialUpdate":false,"showSkybox":false,"showFlares":false,"showImageEffects":false,"showParticleSystems":false},"in2DMode":false,"pivot":{"x":42.09071350097656,"y":-78.57606506347656,"z":140.97496032714845},"rotation":{"x":0.3989010751247406,"y":-0.1515917181968689,"z":0.06713107973337174,"w":0.9020019173622131},"size":73.7058334350586,"orthographic":false}