{"cameraMode":{"drawMode":0,"name":"Shaded","section":"Shading Mode"},"sceneLighting":false,"audioPlay":false,"sceneViewState":{"showFog":false,"showMaterialUpdate":false,"showSkybox":false,"showFlares":false,"showImageEffects":false,"showParticleSystems":false},"in2DMode":false,"pivot":{"x":64.79998779296875,"y":564.4000244140625,"z":0.0},"rotation":{"x":0.08600741624832154,"y":0.0021211309358477594,"z":0.0003330247418489307,"w":-0.9964333176612854},"size":21.238033294677736,"orthographic":false}