{"cameraMode":{"drawMode":0,"name":"Shaded","section":"Shading Mode"},"sceneLighting":true,"audioPlay":false,"sceneViewState":{"showFog":false,"showMaterialUpdate":false,"showSkybox":false,"showFlares":false,"showImageEffects":false,"showParticleSystems":false},"in2DMode":false,"pivot":{"x":-51.90139389038086,"y":-23.841632843017579,"z":-29.815319061279298},"rotation":{"x":0.10887978971004486,"y":-0.8673497438430786,"z":0.21559849381446839,"w":0.4355885684490204},"size":36.413516998291019,"orthographic":false}