{"cameraMode":{"drawMode":0,"name":"Shaded","section":"Shading Mode"},"sceneLighting":true,"audioPlay":false,"sceneViewState":{"showFog":false,"showMaterialUpdate":false,"showSkybox":false,"showFlares":false,"showImageEffects":false,"showParticleSystems":false},"in2DMode":false,"pivot":{"x":-34.526756286621097,"y":-3.760282516479492,"z":-60.8685417175293},"rotation":{"x":0.00006341143307508901,"y":-0.9987506866455078,"z":0.053383003920316699,"w":-0.00547608220949769},"size":40.88165283203125,"orthographic":false}