{"cameraMode":{"drawMode":0,"name":"Shaded","section":"Shading Mode"},"sceneLighting":true,"audioPlay":false,"sceneViewState":{"showFog":false,"showMaterialUpdate":false,"showSkybox":false,"showFlares":false,"showImageEffects":false,"showParticleSystems":false},"in2DMode":false,"pivot":{"x":-90.1251449584961,"y":-33.165069580078128,"z":-29.947643280029298},"rotation":{"x":0.1187489926815033,"y":-0.8294930458068848,"z":0.1916823536157608,"w":0.5113421082496643},"size":52.520259857177737,"orthographic":false}