{"cameraMode":{"drawMode":0,"name":"Shaded","section":"Shading Mode"},"sceneLighting":true,"audioPlay":false,"sceneViewState":{"showFog":false,"showMaterialUpdate":false,"showSkybox":false,"showFlares":false,"showImageEffects":true,"showParticleSystems":true},"in2DMode":false,"pivot":{"x":12.292617797851563,"y":-42.50840759277344,"z":-108.6011962890625},"rotation":{"x":0.00873563438653946,"y":0.9813452363014221,"z":-0.18650445342063905,"w":0.045959360897541049},"size":63.027679443359378,"orthographic":false}